{"Episode Reward": 365, "_timestamp": 1695387595.686681, "_runtime": 14.619050979614258, "_step": 99, "_wandb": {"runtime": 13}}