{"Episode Reward": 0, "_timestamp": 1695387225.129327, "_runtime": 15.240180969238281, "_step": 99, "_wandb": {"runtime": 14}}