{"Episode Reward": 0, "_timestamp": 1695387545.829262, "_runtime": 16.537771940231323, "_step": 99, "_wandb": {"runtime": 15}}